Skill / pot,Player,Age,Team,ETV
Skill / pot,Player / Team / Position,ETV,Unnamed: 3_level_1,Unnamed: 4_level_1
92.8 100.0,Erling Haaland Erling Haaland Man City • F (C) F (C),24,Man City,€198.8M
89.2 92.9,"Martin Ødegaard Martin Ødegaard Arsenal • M, AM (C) M, AM (C)",26,Arsenal,€126.5M
82.0 84.9,Alexander Isak Alexander Isak Newcastle Utd. • F (C) F (C),25,Newcastle Utd.,€120.3M
80.1 92.5,Cole Palmer Cole Palmer Chelsea • M (C) M (C),23,Chelsea,€115.4M
83.7 86.6,Declan Rice Declan Rice Arsenal • M (C) M (C),26,Arsenal,€107.8M
85.5 88.9,"Alexis Mac Allister Alexis Mac Allister Liverpool • M, DM, AM (C) M, DM, AM (C)",26,Liverpool,€106.1M
86.5 93.6,Phil Foden Phil Foden Man City • M (CR) M (CR),24,Man City,€105.7M
87.2 96.9,"Bukayo Saka Bukayo Saka Arsenal • F, M (R) F, M (R)",23,Arsenal,€101.3M
88.2 88.9,"Rodri Rodri Man City • DM, M (C) DM, M (C)",28,Man City,€87M
86.8 98.3,"Ryan Gravenberch Ryan Gravenberch Liverpool • DM, M (C) DM, M (C)",22,Liverpool,€85.3M
80.9 82.6,"Bruno Guimarães Bruno Guimarães Newcastle Utd. • DM, M (C) DM, M (C)",27,Newcastle Utd.,€83.2M
81.1 91.9,"Moisés Caicedo Moisés Caicedo Chelsea • DM, M (C) DM, M (C)",23,Chelsea,€80.7M
88.9 96.7,William Saliba William Saliba Arsenal • D (C) D (C),24,Arsenal,€79.5M
77.1 79.4,Omar Marmoush Omar Marmoush Man City • F (C) F (C),26,Man City,€79.1M
79.4 91.0,Joško Gvardiol Joško Gvardiol Man City • D (CL) D (CL),23,Man City,€78.7M
84.8 86.5,Gabriel Magalhães Gabriel Magalhães Arsenal • D (C) D (C),27,Arsenal,€75.5M
77.8 91.6,"Sávio Sávio Man City • F (R), M (RL) F (R), M (RL)",21,Man City,€74.8M
60.3 80.3,"Ethan Nwaneri Ethan Nwaneri Arsenal • F (R), M (C) F (R), M (C)",18,Arsenal,€74.3M
75.1 82.7,"Enzo Fernández Enzo Fernández Chelsea • M, DM (C) M, DM (C)",24,Chelsea,€73.7M
86.9 93.8,"Dominik Szoboszlai Dominik Szoboszlai Liverpool • M (C), AM (L) M (C), AM (L)",24,Liverpool,€71.4M
76.4 84.3,"Brennan Johnson Brennan Johnson Tottenham • F, AM (R) F, AM (R)",23,Tottenham,€71.3M
76.0 78.0,"Lucas Paquetá Lucas Paquetá West Ham United • AM, M (C) AM, M (C)",27,West Ham United,€71.2M
70.5 88.1,Leny Yoro Leny Yoro Man Utd • D (CRL) D (CRL),19,Man Utd,€71M
86.5 86.5,"Luis Díaz Luis Díaz Liverpool • F (CL), M (L) F (CL), M (L)",28,Liverpool,€71M
85.1 89.1,Kai Havertz Kai Havertz Arsenal • F (C) F (C),25,Arsenal,€70.5M
69.2 78.4,Morgan Rogers Morgan Rogers Aston Villa • M (CRL) M (CRL),23,Aston Villa,€69M
73.9 85.8,Murillo Murillo Nottingham • D (C) D (C),22,Nottingham,€68.4M
86.3 89.3,"Cody Gakpo Cody Gakpo Liverpool • F, M, AM (L) F, M, AM (L)",26,Liverpool,€67.5M
81.5 91.3,Nicolas Jackson Nicolas Jackson Chelsea • F (C) F (C),23,Chelsea,€66.2M
80.1 89.3,Jérémy Doku Jérémy Doku Man City • M (L) M (L),22,Man City,€66.2M
68.8 87.2,"Kobbie Mainoo Kobbie Mainoo Man Utd • M, DM (C) M, DM (C)",20,Man Utd,€66M
75.2 84.6,Jurrien Timber Jurrien Timber Arsenal • D (RL) D (RL),23,Arsenal,€65.5M
75.0 88.9,Rico Lewis Rico Lewis Man City • D (R) D (R),20,Man City,€62.7M
80.9 83.2,Matheus Cunha Matheus Cunha Wolverhampton • F (C) F (C),25,Wolverhampton,€62.6M
87.7 96.4,"Gabriel Martinelli Gabriel Martinelli Arsenal • F, AM (L) F, AM (L)",23,Arsenal,€62.6M
74.9 75.8,"Eberechi Eze Eberechi Eze C. Palace • AM, M (C), F (L) AM, M (C), F (L)",26,C. Palace,€62.2M
68.7 76.0,"Amadou Onana Amadou Onana Aston Villa • DM, M (C) DM, M (C)",23,Aston Villa,€62.1M
71.1 79.1,Micky van de Ven Micky van de Ven Tottenham • D (CL) D (CL),24,Tottenham,€61.8M
73.1 79.0,"Mohammed Kudus Mohammed Kudus West Ham United • F (R), M (CL) F (R), M (CL)",24,West Ham United,€61.7M
77.1 80.0,"Morgan Gibbs-White Morgan Gibbs-White Nottingham • M, AM (C) M, AM (C)",25,Nottingham,€61.7M
77.9 84.0,"Curtis Jones Curtis Jones Liverpool • M, DM (C) M, DM (C)",24,Liverpool,€61.7M
75.7 91.1,Milos Kerkez Milos Kerkez B'mouth • D (L) D (L),21,B'mouth,€61.5M
80.4 80.9,Ollie Watkins Ollie Watkins Aston Villa • F (C) F (C),29,Aston Villa,€61.4M
71.0 78.5,"João Pedro João Pedro Brighton • F, M, AM (C) F, M, AM (C)",23,Brighton,€61.3M
80.5 84.1,"Darwin Núñez Darwin Núñez Liverpool • F (C), AM (L) F (C), AM (L)",25,Liverpool,€60.9M
70.9 87.1,Alejandro Garnacho Alejandro Garnacho Man Utd • AM (C) AM (C),20,Man Utd,€60.7M
70.6 75.9,"Pedro Neto Pedro Neto Chelsea • F, M (R) F, M (R)",25,Chelsea,€60.6M
86.7 91.7,"Dejan Kulusevski Dejan Kulusevski Tottenham • AM, M (C) AM, M (C)",25,Tottenham,€60.5M
72.5 79.6,"Manuel Ugarte Manuel Ugarte Man Utd • DM, M (C) DM, M (C)",24,Man Utd,€60.4M
72.6 74.8,Cristian Romero Cristian Romero Tottenham • D (C) D (C),27,Tottenham,€60.1M
78.5 90.3,Destiny Udogie Destiny Udogie Tottenham • D (L) D (L),22,Tottenham,€59.4M
83.1 84.9,Ben White Ben White Arsenal • D (R) D (R),27,Arsenal,€58.8M
75.3 88.1,Illia Zabarnyi Illia Zabarnyi B'mouth • D (C) D (C),22,B'mouth,€58.8M
83.2 83.6,Diogo Jota Diogo Jota Liverpool • F (C) F (C),28,Liverpool,€58.6M
86.4 86.4,Rúben Dias Rúben Dias Man City • D (C) D (C),27,Man City,€58.5M
71.0 89.0,"Archie Gray Archie Gray Tottenham • D (CR), DM (C) D (CR), DM (C)",19,Tottenham,€58.2M
81.2 81.2,"James Maddison James Maddison Tottenham • AM, M (C) AM, M (C)",28,Tottenham,€58.1M
81.4 85.4,Ibrahima Konaté Ibrahima Konaté Liverpool • D (C) D (C),25,Liverpool,€57.2M
81.2 85.9,"Bryan Mbeumo Bryan Mbeumo Brentford • F (CR), M (R) F (CR), M (R)",25,Brentford,€57.2M
78.1 91.4,Levi Colwill Levi Colwill Chelsea • D (C) D (C),22,Chelsea,€56.6M
67.5 80.9,"Mathys Tel Mathys Tel Tottenham • F (CL), M (L) F (CL), M (L)",20,Tottenham,€56.4M
74.6 79.7,Pedro Porro Pedro Porro Tottenham • D (R) D (R),25,Tottenham,€55.9M
85.3 87.4,Trent Alexander-Arnold Trent Alexander-Arnold Liverpool • D (R) D (R),26,Liverpool,€55.8M
65.2 82.3,Dean Huijsen Dean Huijsen B'mouth • D (C) D (C),20,B'mouth,€55M
77.1 87.8,Rasmus Winther Højlund Rasmus Winther Højlund Man Utd • F (C) F (C),22,Man Utd,€54.9M
79.8 79.9,"Bruno Fernandes Bruno Fernandes Man Utd • AM, M (C) AM, M (C)",30,Man Utd,€54.8M
67.3 77.6,"Roméo Lavia Roméo Lavia Chelsea • DM, M (C) DM, M (C)",21,Chelsea,€54.6M
79.0 83.7,Marc Guéhi Marc Guéhi C. Palace • D (CL) D (CL),24,C. Palace,€54.2M
79.1 79.2,"Marcus Rashford Marcus Rashford Aston Villa • M, AM (L), F (C) M, AM (L), F (C)",27,Aston Villa,€53.6M
78.0 82.3,Sandro Tonali Sandro Tonali Newcastle Utd. • M (C) M (C),25,Newcastle Utd.,€52.9M
73.2 77.6,Sven Botman Sven Botman Newcastle Utd. • D (C) D (C),25,Newcastle Utd.,€52.7M
73.7 87.5,"Carlos Baleba Carlos Baleba Brighton • DM, M (C) DM, M (C)",21,Brighton,€52.4M
75.6 82.9,Matthijs de Ligt Matthijs de Ligt Man Utd • D (CR) D (CR),25,Man Utd,€52.2M
79.5 80.2,Dominic Solanke Dominic Solanke Tottenham • F (C) F (C),27,Tottenham,€52.1M
79.1 81.0,"Christopher Nkunku Christopher Nkunku Chelsea • F (C), M (L) F (C), M (L)",27,Chelsea,€51.7M
76.1 86.4,"Noni Madueke Noni Madueke Chelsea • F, M (R) F, M (R)",23,Chelsea,€51.6M
71.4 77.2,"João Gomes João Gomes Wolverhampton • M, DM (C) M, DM (C)",24,Wolverhampton,€51.1M
70.5 80.6,"Pape Matar Sarr Pape Matar Sarr Tottenham • M, DM (C) M, DM (C)",22,Tottenham,€50.8M
80.2 80.2,"Kaoru Mitoma Kaoru Mitoma Brighton • F, M (L) F, M (L)",27,Brighton,€50.6M
86.7 87.8,"Bernardo Silva Bernardo Silva Man City • M (CR), DM (C) M (CR), DM (C)",30,Man City,€50M
80.7 86.9,Anthony Gordon Anthony Gordon Newcastle Utd. • F (L) F (L),24,Newcastle Utd.,€49.5M
73.6 84.3,Valentino Livramento Valentino Livramento Newcastle Utd. • D (RL) D (RL),22,Newcastle Utd.,€49.3M
73.1 80.7,Riccardo Calafiori Riccardo Calafiori Arsenal • D (CL) D (CL),22,Arsenal,€49.3M
73.0 74.5,Lisandro Martínez Lisandro Martínez Man Utd • D (CL) D (CL),27,Man Utd,€49.2M
68.1 81.3,"Adam Wharton Adam Wharton C. Palace • DM, M (C) DM, M (C)",21,C. Palace,€48.9M
67.3 82.0,Evan Ferguson Evan Ferguson West Ham United • F (C) F (C),20,West Ham United,€48.5M
75.7 86.7,"Harvey Elliott Harvey Elliott Liverpool • M (C), F (R) M (C), F (R)",22,Liverpool,€48.5M
69.4 76.9,"Amad Diallo Amad Diallo Man Utd • F, M (R), AM (C) F, M (R), AM (C)",22,Man Utd,€48.5M
71.6 78.1,"Nico González Nico González Man City • M, DM (C) M, DM (C)",23,Man City,€48.4M
66.9 76.9,Abdukodir Khusanov Abdukodir Khusanov Man City • D (C) D (C),21,Man City,€48.4M
73.5 75.3,"Jarrod Bowen Jarrod Bowen West Ham United • M (R), F (C) M (R), F (C)",28,West Ham United,€48.1M
74.1 79.3,Antoine Semenyo Antoine Semenyo B'mouth • M (RL) M (RL),25,B'mouth,€47.7M
77.0 77.0,"Joelinton Joelinton Newcastle Utd. • M (C), AM (L) M (C), AM (L)",28,Newcastle Utd.,€47.5M
79.6 89.8,"Elliot Anderson Elliot Anderson Nottingham • M, DM (C) M, DM (C)",22,Nottingham,€46.5M
77.9 78.7,Antonee Robinson Antonee Robinson Fulham • D (L) D (L),27,Fulham,€46.4M
78.9 82.6,"Boubacar Kamara Boubacar Kamara Aston Villa • DM, M (C) DM, M (C)",25,Aston Villa,€46.3M
78.8 85.9,Jacob Ramsey Jacob Ramsey Aston Villa • M (CL) M (CL),23,Aston Villa,€45.8M
89.5 89.5,Gabriel Jesus Gabriel Jesus Arsenal • F (C) F (C),28,Arsenal,€45.6M
75.0 82.6,Anthony Elanga Anthony Elanga Nottingham • M (R) M (R),23,Nottingham,€45.5M
75.6 77.2,Pau Torres Pau Torres Aston Villa • D (C) D (C),28,Aston Villa,€45.3M
70.5 77.7,"Rayan Aït Nouri Rayan Aït Nouri Wolverhampton • D, M (L) D, M (L)",23,Wolverhampton,€45M
79.3 81.7,"Justin Kluivert Justin Kluivert B'mouth • M (C), AM (R) M (C), AM (R)",26,B'mouth,€44.8M
73.5 80.1,Joshua Zirkzee Joshua Zirkzee Man Utd • F (C) F (C),23,Man Utd,€43.7M
83.0 83.0,Jack Grealish Jack Grealish Man City • M (L) M (L),29,Man City,€43.5M
76.6 77.4,"Noussair Mazraoui Noussair Mazraoui Man Utd • D (RL), M (R) D (RL), M (R)",27,Man Utd,€43M
79.9 82.7,Manuel Akanji Manuel Akanji Man City • D (C) D (C),29,Man City,€42.8M
75.9 76.1,Ezri Konsa Ezri Konsa Aston Villa • D (CR) D (CR),27,Aston Villa,€42.7M
74.0 85.6,"Yankuba Minteh Yankuba Minteh Brighton • F, M (R) F, M (R)",20,Brighton,€42.6M
72.3 78.6,Jan Paul van Hecke Jan Paul van Hecke Brighton • D (C) D (C),24,Brighton,€42.4M
71.6 72.7,"Matheus Nunes Matheus Nunes Man City • M (CL), D (R) M (CL), D (R)",26,Man City,€42.3M
72.3 72.3,Guglielmo Vicario Guglielmo Vicario Tottenham • GK GK,28,Tottenham,€41.6M
79.1 79.9,"Youri Tielemans Youri Tielemans Aston Villa • M, DM (C) M, DM (C)",28,Aston Villa,€41.5M
78.2 78.6,"Harvey Barnes Harvey Barnes Newcastle Utd. • F, AM (L) F, AM (L)",27,Newcastle Utd.,€41.5M
58.6 77.4,Vitor Reis Vitor Reis Man City • D (C) D (C),19,Man City,€41.4M
72.1 79.0,"Georginio Rutter Georginio Rutter Brighton • F, M (C) F, M (C)",23,Brighton,€41.3M
75.7 80.3,"Emile Smith Rowe Emile Smith Rowe Fulham • AM (C), M (CL) AM (C), M (CL)",24,Fulham,€40.8M
76.1 84.5,Ian Maatsen Ian Maatsen Aston Villa • D (L) D (L),23,Aston Villa,€40.6M
64.6 79.6,"Bilal El Khannouss Bilal El Khannouss Leicester • AM, M (C) AM, M (C)",20,Leicester,€40.6M
74.6 74.6,"Mikel Merino Mikel Merino Arsenal • M, F (C) M, F (C)",28,Arsenal,€40.5M
75.7 78.7,Marc Cucurella Marc Cucurella Chelsea • D (L) D (L),26,Chelsea,€39.4M
76.2 77.5,"Leon Bailey Leon Bailey Aston Villa • M, AM (R) M, AM (R)",27,Aston Villa,€39.2M
86.6 86.6,"Mohamed Salah Mohamed Salah Liverpool • F (CR), M (R) F (CR), M (R)",32,Liverpool,€38.5M
78.2 80.3,Nikola Milenković Nikola Milenković Nottingham • D (C) D (C),27,Nottingham,€38M
73.6 79.9,"Mykhaylo Mudryk Mykhaylo Mudryk Chelsea • M, AM (L) M, AM (L)",24,Chelsea,€37.8M
78.9 85.6,"Jadon Sancho Jadon Sancho Chelsea • M (RL), AM (L) M (RL), AM (L)",25,Chelsea,€37.7M
73.1 77.0,"Diogo Dalot Diogo Dalot Man Utd • D (R), M (RL) D (R), M (RL)",26,Man Utd,€37.4M
71.0 75.3,Ferdi Kadıoğlu Ferdi Kadıoğlu Brighton • D (L) D (L),25,Brighton,€37.4M
71.1 75.1,Reece James Reece James Chelsea • D (R) D (R),25,Chelsea,€37.3M
73.5 76.5,"Cheick Doucouré Cheick Doucouré C. Palace • DM, M (C) DM, M (C)",25,C. Palace,€37.2M
74.0 76.2,Pervis Estupiñán Pervis Estupiñán Brighton • D (L) D (L),27,Brighton,€37.1M
65.8 75.1,"Liam Delap Liam Delap Ipswich Town • F (C), AM (R) F (C), AM (R)",22,Ipswich Town,€37M
72.3 78.6,"Danilo Danilo Nottingham • DM, M (C) DM, M (C)",24,Nottingham,€36.9M
72.3 72.3,Max Kilman Max Kilman West Ham United • D (C) D (C),27,West Ham United,€36.7M
70.8 71.7,"Edson Álvarez Edson Álvarez West Ham United • DM, M, D (C) DM, M, D (C)",27,West Ham United,€36.5M
76.1 76.1,Nathan Aké Nathan Aké Man City • D (CL) D (CL),30,Man City,€36.4M
73.4 77.6,Jean-Clair Todibo Jean-Clair Todibo West Ham United • D (C) D (C),25,West Ham United,€36M
73.3 77.4,Joe Willock Joe Willock Newcastle Utd. • M (C) M (C),25,Newcastle Utd.,€35.8M
70.2 72.9,"Mason Mount Mason Mount Man Utd • AM, M (C) AM, M (C)",26,Man Utd,€35.5M
59.7 79.0,"Myles Lewis-Skelly Myles Lewis-Skelly Arsenal • D (L), M (C) D (L), M (C)",18,Arsenal,€34.9M
65.0 65.2,"Ibrahim Sangaré Ibrahim Sangaré Nottingham • DM, M (C) DM, M (C)",27,Nottingham,€34.6M
72.1 88.0,Lewis Hall Lewis Hall Newcastle Utd. • D (L) D (L),20,Newcastle Utd.,€34.5M
73.5 76.9,André Onana André Onana Man Utd • GK GK,29,Man Utd,€34.2M
67.6 75.0,"Simon Adingra Simon Adingra Brighton • F (L), M (RL) F (L), M (RL)",23,Brighton,€34M
75.7 77.8,Vitaliy Mykolenko Vitaliy Mykolenko Everton • D (L) D (L),25,Everton,€33.5M
74.2 80.2,Nathan Collins Nathan Collins Brentford • D (C) D (C),24,Brentford,€33.3M
74.9 74.9,Matty Cash Matty Cash Aston Villa • D (R) D (R),27,Aston Villa,€32.9M
75.6 88.2,Malo Gusto Malo Gusto Chelsea • D (R) D (R),21,Chelsea,€32.8M
53.3 81.5,"Tyler Dibling Tyler Dibling Southampton • AM, M (R) AM, M (R)",19,Southampton,€32.7M
67.0 83.0,Lucas Bergvall Lucas Bergvall Tottenham • M (C) M (C),19,Tottenham,€32.6M
77.2 85.6,Jarrad Branthwaite Jarrad Branthwaite Everton • D (C) D (C),22,Everton,€32.2M
79.5 79.5,Leandro Trossard Leandro Trossard Arsenal • F (CL) F (CL),30,Arsenal,€31.8M
74.8 74.8,Jean-Philippe Mateta Jean-Philippe Mateta C. Palace • F (C) F (C),27,C. Palace,€31.7M
74.3 75.0,"Rodrigo Bentancur Rodrigo Bentancur Tottenham • DM, M (C) DM, M (C)",27,Tottenham,€31.5M
64.8 81.6,"Patrick Dorgu Patrick Dorgu Man Utd • D, M (L) D, M (L)",20,Man Utd,€31.5M
78.6 78.6,Joachim Andersen Joachim Andersen Fulham • D (C) D (C),28,Fulham,€31.4M
76.7 76.7,Yoane Wissa Yoane Wissa Brentford • F (C) F (C),28,Brentford,€31.4M
77.5 77.5,"Daniel Muñoz Daniel Muñoz C. Palace • D, M (R) D, M (R)",28,C. Palace,€30.9M
72.5 76.7,Jørgen Strand Larsen Jørgen Strand Larsen Wolverhampton • F (C) F (C),25,Wolverhampton,€30.8M
66.8 84.2,"Facundo Buonanotte Facundo Buonanotte Leicester • AM (C), M (CR) AM (C), M (CR)",20,Leicester,€30.7M
80.9 80.9,"Heung-min Son Heung-min Son Tottenham • F (CL), M (L) F (CL), M (L)",32,Tottenham,€30.7M
72.3 84.4,Bart Verbruggen Bart Verbruggen Brighton • GK GK,22,Brighton,€30.7M
72.6 77.7,Wesley Fofana Wesley Fofana Chelsea • D (CR) D (CR),24,Chelsea,€30.3M
76.3 76.3,"Alex Iwobi Alex Iwobi Fulham • F (L), M (RL) F (L), M (RL)",29,Fulham,€30.3M
81.4 86.4,Callum Hudson-Odoi Callum Hudson-Odoi Nottingham • M (L) M (L),24,Nottingham,€30.2M
73.3 79.3,Calvin Bassey Calvin Bassey Fulham • D (CL) D (CL),25,Fulham,€29.9M
66.9 79.9,Taylor Harwood-Bellis Taylor Harwood-Bellis Southampton • D (CR) D (CR),23,Southampton,€29.9M
71.5 79.3,"André André Wolverhampton • DM, M (C) DM, M (C)",23,Wolverhampton,€29.8M
71.4 71.7,"Yves Bissouma Yves Bissouma Tottenham • DM, M (C) DM, M (C)",28,Tottenham,€29.8M
71.1 76.5,"Kevin Schade Kevin Schade Brentford • F (CL), M (L) F (CL), M (L)",23,Brentford,€29.7M
75.0 76.2,John Stones John Stones Man City • D (CR) D (CR),30,Man City,€29.7M
62.8 74.8,"Brajan Gruda Brajan Gruda Brighton • F, M (R), AM (C) F, M (R), AM (C)",20,Brighton,€29.4M
86.5 86.5,David Raya David Raya Arsenal • GK GK,29,Arsenal,€28.9M
73.4 78.0,"Mikkel Damsgaard Mikkel Damsgaard Brentford • AM, M (C) AM, M (C)",24,Brentford,€28.6M
70.2 77.6,Benoît Badiashile Benoît Badiashile Chelsea • D (C) D (C),24,Chelsea,€28.5M
59.4 78.1,Lewis Miley Lewis Miley Newcastle Utd. • M (C) M (C),19,Newcastle Utd.,€28.5M
72.9 80.4,"Dango Ouattara Dango Ouattara B'mouth • F, M (L), AM (R) F, M (L), AM (R)",23,B'mouth,€28.5M
69.6 78.5,Radu Drăguşin Radu Drăguşin Tottenham • D (C) D (C),23,Tottenham,€28.4M
67.0 73.9,Leif Davis Leif Davis Ipswich Town • D (L) D (L),25,Ipswich Town,€28.2M
65.5 75.2,Conor Bradley Conor Bradley Liverpool • D (R) D (R),21,Liverpool,€27.9M
55.5 65.4,"Oscar Bobb Oscar Bobb Man City • AM (R), M (C) AM (R), M (C)",21,Man City,€27.9M
72.4 72.7,"Sander Berge Sander Berge Fulham • DM, M (C) DM, M (C)",27,Fulham,€27.8M
76.4 80.0,Maxence Lacroix Maxence Lacroix C. Palace • D (C) D (C),25,C. Palace,€27.7M
66.4 77.6,"Alex Scott Alex Scott B'mouth • M, DM, AM (C) M, DM, AM (C)",21,B'mouth,€27.6M
69.1 69.7,Axel Disasi Axel Disasi Aston Villa • D (CR) D (CR),27,Aston Villa,€27.5M
64.9 79.9,O. Hutchinson O. Hutchinson Ipswich Town • M (CR) M (CR),21,Ipswich Town,€27.4M
72.6 74.2,Kevin Danso Kevin Danso Tottenham • D (C) D (C),26,Tottenham,€27.2M
71.8 77.4,"Keane Lewis-Potter Keane Lewis-Potter Brentford • F, D, M (L) F, D, M (L)",24,Brentford,€27.1M
77.0 77.8,"Vitaly Janelt Vitaly Janelt Brentford • DM, M (C) DM, M (C)",26,Brentford,€27.1M
62.1 74.4,"Lesley Ugochukwu Lesley Ugochukwu Southampton • DM, M (C) DM, M (C)",21,Southampton,€27M
70.8 75.4,"Dwight McNeil Dwight McNeil Everton • AM (C), M (CL) AM (C), M (CL)",25,Everton,€27M
73.4 77.4,Evanilson Evanilson B'mouth • F (C) F (C),25,B'mouth,€26.9M
74.4 75.0,"Aaron Wan-Bissaka Aaron Wan-Bissaka West Ham United • D, M (R) D, M (R)",27,West Ham United,€26.9M
72.6 72.7,Richarlison Richarlison Tottenham • F (C) F (C),27,Tottenham,€26.7M
50.1 65.3,Luis Guilherme Luis Guilherme West Ham United • F (R) F (R),19,West Ham United,€26.6M
71.5 79.4,Sepp van den Berg Sepp van den Berg Brentford • D (CR) D (CR),23,Brentford,€26.4M
62.6 73.4,Jarell Quansah Jarell Quansah Liverpool • D (C) D (C),22,Liverpool,€26.2M
65.2 71.3,"Crysencio Summerville Crysencio Summerville West Ham United • M, AM (L) M, AM (L)",23,West Ham United,€25.9M
63.8 70.1,Igor Thiago Igor Thiago Brentford • F (C) F (C),23,Brentford,€25.9M
65.0 73.6,Filip Jørgensen Filip Jørgensen Chelsea • GK GK,23,Chelsea,€25.9M
68.5 72.9,"Iliman Ndiaye Iliman Ndiaye Everton • F, M (L), AM (C) F, M (L), AM (C)",25,Everton,€25.7M
69.9 70.1,"Ismaïla Sarr Ismaïla Sarr C. Palace • F (R), AM (L) F (R), AM (L)",27,C. Palace,€25.7M
66.1 71.9,Matt O'Riley Matt O'Riley Brighton • M (C) M (C),24,Brighton,€25.6M
75.8 76.5,Joe Gomez Joe Gomez Liverpool • D (CRL) D (CRL),27,Liverpool,€25.3M
77.7 77.7,"Mateo Kovačić Mateo Kovačić Man City • M, DM (C) M, DM (C)",31,Man City,€25.3M
67.9 81.0,"Wilson Odobert Wilson Odobert Tottenham • F, M (L) F, M (L)",20,Tottenham,€25.1M
65.2 73.1,Jacob Greaves Jacob Greaves Ipswich Town • D (CL) D (CL),24,Ipswich Town,€25.1M
72.1 72.9,Igor Júlio Igor Júlio Brighton • D (CL) D (CL),27,Brighton,€25M
67.2 70.8,Wout Faes Wout Faes Leicester • D (C) D (C),27,Leicester,€25M
67.7 80.4,Michael Kayode Michael Kayode Brentford • D (RL) D (RL),20,Brentford,€25M
69.8 73.7,Jakub Kiwior Jakub Kiwior Arsenal • D (CL) D (CL),25,Arsenal,€25M
72.4 85.1,Aaron Hickey Aaron Hickey Brentford • D (R) D (R),22,Brentford,€24.9M
75.8 75.8,Robert Sánchez Robert Sánchez Chelsea • GK GK,27,Chelsea,€24.9M
67.8 68.8,"Kiernan Dewsbury-Hall Kiernan Dewsbury-Hall Chelsea • M, DM (C) M, DM (C)",26,Chelsea,€24.9M
69.6 80.5,"Julio Enciso Julio Enciso Ipswich Town • AM (C), M (CL) AM (C), M (CL)",21,Ipswich Town,€24.9M
70.1 72.8,Edward Nketiah Edward Nketiah C. Palace • F (C) F (C),25,C. Palace,€24.8M
80.7 83.8,"Tyrick Mitchell Tyrick Mitchell C. Palace • M, D (L) M, D (L)",25,C. Palace,€24.6M
54.9 75.0,"Claudio Echeverri Claudio Echeverri Man City • AM, M (C) AM, M (C)",19,Man City,€24.4M
70.6 73.7,"Jesper Lindstrøm Jesper Lindstrøm Everton • M (R), AM (CR) M (R), AM (CR)",25,Everton,€24.4M
71.8 74.8,"Marcus Tavernier Marcus Tavernier B'mouth • M (RL), AM (L) M (RL), AM (L)",26,B'mouth,€24.4M
72.9 75.9,Tyler Adams Tyler Adams B'mouth • DM (C) DM (C),26,B'mouth,€24.4M
66.7 66.7,Beto Beto Everton • F (C) F (C),27,Everton,€24.4M
71.2 71.5,"Orel Mangala Orel Mangala Everton • DM, M (C) DM, M (C)",27,Everton,€24.4M
74.1 74.1,Tosin Adarabioyo Tosin Adarabioyo Chelsea • D (C) D (C),27,Chelsea,€24.3M
79.8 80.3,Virgil van Dijk Virgil van Dijk Liverpool • D (C) D (C),33,Liverpool,€24.3M
78.0 78.0,Alisson Alisson Liverpool • GK GK,32,Liverpool,€24.1M
80.2 80.6,Andrew Robertson Andrew Robertson Liverpool • D (L) D (L),31,Liverpool,€24M
69.6 83.9,"Victor Kristiansen Victor Kristiansen Leicester • D, M (L) D, M (L)",22,Leicester,€23.9M
47.9 69.8,"Mikey Moore Mikey Moore Tottenham • AM, F (L) AM, F (L)",17,Tottenham,€23.7M
69.4 69.4,Konstantinos Tsimikas Konstantinos Tsimikas Liverpool • D (L) D (L),28,Liverpool,€23.6M
71.4 71.6,"Carlos Soler Carlos Soler West Ham United • M (C), AM (R) M (C), AM (R)",28,West Ham United,€23.4M
71.6 78.5,Neco Williams Neco Williams Nottingham • D (RL) D (RL),24,Nottingham,€23.4M
75.6 75.6,"Tomáš Souček Tomáš Souček West Ham United • DM, M (C) DM, M (C)",30,West Ham United,€23.2M
74.9 80.4,"James Garner James Garner Everton • DM, M (C) DM, M (C)",24,Everton,€23.2M
72.9 77.1,Takehiro Tomiyasu Takehiro Tomiyasu Arsenal • D (RL) D (RL),26,Arsenal,€22.9M
78.0 78.0,Dean Henderson Dean Henderson C. Palace • GK GK,28,C. Palace,€22.7M
75.3 75.3,Jordan Pickford Jordan Pickford Everton • GK GK,31,Everton,€22.6M
61.5 79.1,Mateus Fernandes Mateus Fernandes Southampton • M (C) M (C),20,Southampton,€22.5M
77.0 77.0,John McGinn John McGinn Aston Villa • M (CRL) M (CRL),30,Aston Villa,€22.5M
61.7 67.3,"J. Philogene J. Philogene Ipswich Town • F (L), M (RL) F (L), M (RL)",23,Ipswich Town,€22.3M
66.2 79.9,"Abdul Fatawu Issahaku Abdul Fatawu Issahaku Leicester • F, M (R) F, M (R)",21,Leicester,€21.9M
71.9 72.1,Kristoffer Ajer Kristoffer Ajer Brentford • D (CR) D (CR),27,Brentford,€21.5M
80.6 83.4,"Donyell Malen Donyell Malen Aston Villa • F, M (R), AM (L) F, M (R), AM (L)",26,Aston Villa,€21.4M
67.1 79.5,"Yasin Ayari Yasin Ayari Brighton • M, DM (C) M, DM (C)",21,Brighton,€21.4M
63.3 76.9,Chadi Riad Chadi Riad C. Palace • D (C) D (C),21,C. Palace,€21.4M
67.0 69.6,"Reiss Nelson Reiss Nelson Fulham • F (R), M (L) F (R), M (L)",25,Fulham,€21.3M
68.6 69.1,Jean-Ricner Bellegarde Jean-Ricner Bellegarde Wolverhampton • M (C) M (C),26,Wolverhampton,€21.3M
78.9 80.5,Sean Longstaff Sean Longstaff Newcastle Utd. • M (C) M (C),27,Newcastle Utd.,€21.3M
68.1 68.7,Federico Chiesa Federico Chiesa Liverpool • F (CR) F (CR),27,Liverpool,€21.2M
59.6 62.6,Caoimhin Kelleher Caoimhin Kelleher Liverpool • GK GK,26,Liverpool,€20.9M
70.5 78.5,"Fabio Carvalho Fabio Carvalho Brentford • AM, M, F (C) AM, M, F (C)",22,Brentford,€20.6M
69.2 70.7,Marcos Senesi Marcos Senesi B'mouth • D (C) D (C),27,B'mouth,€20.4M
69.2 69.2,"Ben Chilwell Ben Chilwell C. Palace • D, M (L) D, M (L)",28,C. Palace,€20.4M
69.3 70.8,"Wilfred Ndidi Wilfred Ndidi Leicester • DM, M (C) DM, M (C)",28,Leicester,€20.3M
66.9 66.9,Taiwo Awoniyi Taiwo Awoniyi Nottingham • F (C) F (C),27,Nottingham,€20.2M
75.2 78.8,Trevoh Chalobah Trevoh Chalobah Chelsea • D (CR) D (CR),25,Chelsea,€20.1M
84.9 84.9,"Kevin De Bruyne Kevin De Bruyne Man City • M, AM (C) M, AM (C)",33,Man City,€20.1M
67.3 74.1,Felipe Morato Felipe Morato Nottingham • D (CL) D (CL),23,Nottingham,€20M
63.0 71.9,Antonín Kinský Antonín Kinský Tottenham • GK GK,22,Tottenham,€20M
79.1 79.2,Oleksandr Zinchenko Oleksandr Zinchenko Arsenal • D (L) D (L),28,Arsenal,€19.9M
59.8 64.3,Nathan Patterson Nathan Patterson Everton • D (R) D (R),23,Everton,€19.9M
63.4 71.6,"James McAtee James McAtee Man City • AM (C), M (CR) AM (C), M (CR)",22,Man City,€19.8M
62.5 70.5,Mads Hermansen Mads Hermansen Leicester • GK GK,24,Leicester,€19.8M
72.5 76.5,Djed Spence Djed Spence Tottenham • D (RL) D (RL),24,Tottenham,€19.8M
65.4 69.0,Jake O'Brien Jake O'Brien Everton • D (CR) D (CR),23,Everton,€19.7M
77.6 77.6,"Marco Asensio Marco Asensio Aston Villa • F (CR), M (C) F (CR), M (C)",29,Aston Villa,€19.6M
69.9 78.3,Carlos Alcaraz Carlos Alcaraz Everton • M (CL) M (CL),22,Everton,€19.6M
64.8 69.8,Dara O'Shea Dara O'Shea Ipswich Town • D (CR) D (CR),26,Ipswich Town,€19.5M
62.8 67.8,"Jack Clarke Jack Clarke Ipswich Town • F, M (L) F, M (L)",24,Ipswich Town,€19.4M
57.7 76.5,"Romain Esse Romain Esse C. Palace • M (R), AM (C) M (R), AM (C)",19,C. Palace,€19.4M
72.7 73.6,"Lewis Cook Lewis Cook B'mouth • M, DM (C), D (R) M, DM (C), D (R)",28,B'mouth,€19.3M
80.2 80.2,Ederson Ederson Man City • GK GK,31,Man City,€19.1M
68.8 69.2,Konstantinos Mavropanos Konstantinos Mavropanos West Ham United • D (C) D (C),27,West Ham United,€19.1M
75.7 75.7,"Andreas Pereira Andreas Pereira Fulham • M, DM, AM (C) M, DM, AM (C)",29,Fulham,€19M
74.3 75.4,"Nicolás Domínguez Nicolás Domínguez Nottingham • M, DM (C) M, DM (C)",26,Nottingham,€18.8M
74.2 74.7,Ola Aina Ola Aina Nottingham • D (RL) D (RL),28,Nottingham,€18.8M
67.3 71.5,Aaron Ramsdale Aaron Ramsdale Southampton • GK GK,26,Southampton,€18.7M
70.6 72.1,Toti Gomes Toti Gomes Wolverhampton • D (CL) D (CL),26,Wolverhampton,€18.6M
64.8 70.9,Armando Broja Armando Broja Everton • F (C) F (C),23,Everton,€18.6M
66.2 73.8,Cameron Archer Cameron Archer Southampton • F (C) F (C),23,Southampton,€18.6M
65.6 71.7,"Kamaldeen Sulemana Kamaldeen Sulemana Southampton • F, M (L) F, M (L)",23,Southampton,€18.5M
72.2 74.0,"Ryan Yates Ryan Yates Nottingham • M, DM (C) M, DM (C)",27,Nottingham,€18.3M
68.3 68.3,"Marshall Munetsi Marshall Munetsi Wolverhampton • M, DM (C) M, DM (C)",28,Wolverhampton,€18.3M
65.9 75.9,"Yehor Yarmoliuk Yehor Yarmoliuk Brentford • AM, M (C) AM, M (C)",21,Brentford,€18M
68.7 68.7,Emmanuel Agbadou Emmanuel Agbadou Wolverhampton • D (C) D (C),27,Wolverhampton,€18M
77.2 77.2,"Jacob Murphy Jacob Murphy Newcastle Utd. • F (R), AM (L) F (R), AM (L)",30,Newcastle Utd.,€17.9M
70.8 71.5,Issa Diop Issa Diop Fulham • D (C) D (C),28,Fulham,€17.9M
67.6 68.8,Dominic Calvert-Lewin Dominic Calvert-Lewin Everton • F (C) F (C),28,Everton,€17.8M
72.0 72.0,"Jack Harrison Jack Harrison Everton • F, M (R), AM (C) F, M (R), AM (C)",28,Everton,€17.7M
69.0 69.1,Hee-chan Hwang Hee-chan Hwang Wolverhampton • F (C) F (C),29,Wolverhampton,€17.6M
77.1 77.1,"Raheem Sterling Raheem Sterling Arsenal • F, AM (R), M (L) F, AM (R), M (L)",30,Arsenal,€17.5M
74.2 74.2,Emiliano Martínez Emiliano Martínez Aston Villa • GK GK,32,Aston Villa,€17.5M
72.7 72.7,Luke Shaw Luke Shaw Man Utd • D (CL) D (CL),29,Man Utd,€17.5M
63.7 65.7,Jota Silva Jota Silva Nottingham • F (CR) F (CR),25,Nottingham,€17.4M
62.1 64.7,"Ramón Sosa Ramón Sosa Nottingham • F, M, AM (L) F, M, AM (L)",25,Nottingham,€17.4M
75.9 75.9,Timothy Castagne Timothy Castagne Fulham • D (R) D (R),29,Fulham,€17.4M
66.6 66.7,"Kalvin Phillips Kalvin Phillips Ipswich Town • DM, M (C) DM, M (C)",29,Ipswich Town,€17.2M
67.9 70.6,James Justin James Justin Leicester • D (RL) D (RL),27,Leicester,€17M
70.0 76.8,"Oliver Skipp Oliver Skipp Leicester • DM, M (C) DM, M (C)",24,Leicester,€17M
65.7 70.1,"Mats Wieffer Mats Wieffer Brighton • M, DM (C) M, DM (C)",25,Brighton,€16.8M
51.4 62.0,Youssef Chermiti Youssef Chermiti Everton • F (C) F (C),20,Everton,€16.8M
43.1 62.7,Marc Guiu Marc Guiu Chelsea • F (C) F (C),19,Chelsea,€16.7M
64.3 73.0,Caleb Okoli Caleb Okoli Leicester • D (CL) D (CL),23,Leicester,€16.7M
65.5 67.6,"Kyle Walker-Peters Kyle Walker-Peters Southampton • D, M (R) D, M (R)",28,Southampton,€16.6M
62.1 67.9,"Albert Grønbæk Albert Grønbæk Southampton • AM, M (C) AM, M (C)",23,Southampton,€16.6M
64.8 64.8,Enes Ünal Enes Ünal B'mouth • F (C) F (C),27,B'mouth,€16.4M
71.2 71.2,Gonçalo Guedes Gonçalo Guedes Wolverhampton • F (CL) F (CL),28,Wolverhampton,€16.2M
76.7 76.7,Ryan Christie Ryan Christie B'mouth • DM (C) DM (C),30,B'mouth,€16.2M
65.6 72.2,Yukinari Sugawara Yukinari Sugawara Southampton • D (R) D (R),24,Southampton,€15.7M
71.1 75.3,Chris Richards Chris Richards C. Palace • D (CRL) D (CRL),25,C. Palace,€15.7M
46.2 62.2,Tyrique George Tyrique George Chelsea • F (L) F (L),19,Chelsea,€15.7M
59.7 70.0,Matheus França Matheus França C. Palace • AM (C) AM (C),21,C. Palace,€15.5M
66.1 68.8,"Jens Cajuste Jens Cajuste Ipswich Town • DM, M (C) DM, M (C)",25,Ipswich Town,€15.5M
65.2 67.9,"Luis Sinisterra Luis Sinisterra B'mouth • F, M (L) F, M (L)",25,B'mouth,€15.4M
69.0 74.1,"Boubakary Soumaré Boubakary Soumaré Leicester • DM, M (C) DM, M (C)",26,Leicester,€15.4M
64.6 70.5,Armel Bella-Kotchap Armel Bella-Kotchap Southampton • D (C) D (C),23,Southampton,€15.4M
48.7 65.9,Mathis Amougou Mathis Amougou Chelsea • M (C) M (C),19,Chelsea,€15.3M
77.2 77.2,"Thomas Partey Thomas Partey Arsenal • DM, M (C), D (R) DM, M (C), D (R)",31,Arsenal,€15.2M
59.2 73.1,Nasser Djiga Nasser Djiga Wolverhampton • D (C) D (C),22,Wolverhampton,€14.7M
71.7 73.8,"Rico Henry Rico Henry Brentford • D, M (L) D, M (L)",27,Brentford,€14.7M
74.2 74.2,Mathias Jensen Mathias Jensen Brentford • M (C) M (C),29,Brentford,€14.7M
71.5 71.5,"Daichi Kamada Daichi Kamada C. Palace • AM, M (C) AM, M (C)",28,C. Palace,€14.6M
76.0 76.0,"Harry Wilson Harry Wilson Fulham • F, M (R) F, M (R)",28,Fulham,€14.5M
73.7 73.7,"Christian Nørgaard Christian Nørgaard Brentford • DM, M (C) DM, M (C)",31,Brentford,€14.4M
64.3 71.3,Julian Araujo Julian Araujo B'mouth • D (R) D (R),23,B'mouth,€14.3M
61.3 61.3,"Sammie Szmodics Sammie Szmodics Ipswich Town • AM (C), M (L) AM (C), M (L)",29,Ipswich Town,€14.1M
70.7 71.6,Kenny Tete Kenny Tete Fulham • D (R) D (R),29,Fulham,€14M
66.7 73.3,Tommy Doyle Tommy Doyle Wolverhampton • M (C) M (C),23,Wolverhampton,€14M
66.1 70.3,Patson Daka Patson Daka Leicester • F (C) F (C),26,Leicester,€14M
57.6 66.0,"Tim Iroegbunam Tim Iroegbunam Everton • M, DM (C) M, DM (C)",21,Everton,€13.8M
67.6 68.2,Harry Maguire Harry Maguire Man Utd • D (C) D (C),32,Man Utd,€13.7M
74.0 74.0,Bernd Leno Bernd Leno Fulham • GK GK,33,Fulham,€13.7M
71.6 71.6,"Guido Rodríguez Guido Rodríguez West Ham United • DM, M (C) DM, M (C)",31,West Ham United,€13.6M
71.2 71.2,Lucas Digne Lucas Digne Aston Villa • D (L) D (L),31,Aston Villa,€13.6M
70.8 70.8,"Jefferson Lerma Jefferson Lerma C. Palace • DM, M (C) DM, M (C)",30,C. Palace,€13.6M
72.0 72.0,Mark Flekken Mark Flekken Brentford • GK GK,31,Brentford,€13.6M
66.9 70.1,Tariq Lamptey Tariq Lamptey Brighton • D (RL) D (RL),24,Brighton,€13.6M
67.8 67.8,Victor Lindelöf Victor Lindelöf Man Utd • D (C) D (C),30,Man Utd,€13.5M
66.0 66.0,Niclas Füllkrug Niclas Füllkrug West Ham United • F (C) F (C),32,West Ham United,€13.4M
60.3 62.9,Altay Bayındır Altay Bayındır Man Utd • GK GK,27,Man Utd,€13.2M
57.5 69.0,Aaron Anselmino Aaron Anselmino Chelsea • D (C) D (C),20,Chelsea,€13.2M
62.9 75.8,Julio Soler Julio Soler B'mouth • D (L) D (L),20,B'mouth,€13.2M
45.3 64.1,Pedro Lima Pedro Lima Wolverhampton • D (R) D (R),18,Wolverhampton,€13.1M
54.9 67.6,Carlos Forbs Carlos Forbs Wolverhampton • F (RL) F (RL),21,Wolverhampton,€13M
65.9 65.9,"David Brooks David Brooks B'mouth • F, M (R) F, M (R)",27,B'mouth,€13M
63.8 64.6,Jan Bednarek Jan Bednarek Southampton • D (C) D (C),29,Southampton,€12.9M
65.9 75.4,David Datro Fofana David Datro Fofana Chelsea • F (C) F (C),22,Chelsea,€12.9M
66.8 70.1,"Stephy Mavididi Stephy Mavididi Leicester • F, M (L) F, M (L)",26,Leicester,€12.9M
63.1 63.1,Paul Onuachu Paul Onuachu Southampton • F (C) F (C),30,Southampton,€12.7M
66.6 70.6,"Ben Johnson Ben Johnson Ipswich Town • D, M (R) D, M (R)",25,Ipswich Town,€12.6M
67.0 67.0,"Emerson Palmieri Emerson Palmieri West Ham United • D, M (L) D, M (L)",30,West Ham United,€12.6M
67.3 76.1,Yerson Mosquera Yerson Mosquera Wolverhampton • D (CRL) D (CRL),24,Wolverhampton,€12.4M
70.0 72.6,Odsonne Édouard Odsonne Édouard Leicester • F (C) F (C),27,Leicester,€12.4M
71.4 71.4,Adam Webster Adam Webster Brighton • D (C) D (C),30,Brighton,€12.2M
72.1 72.1,"Saša Lukić Saša Lukić Fulham • M, DM (C) M, DM (C)",28,Fulham,€12.1M
81.2 81.2,"İlkay Gündoğan İlkay Gündoğan Man City • M, DM (C) M, DM (C)",34,Man City,€12.1M
72.2 75.0,Kepa Arrizabalaga Kepa Arrizabalaga B'mouth • GK GK,30,B'mouth,€12M
66.6 66.6,Alphonse Aréola Alphonse Aréola West Ham United • GK GK,32,West Ham United,€11.8M
68.5 71.8,"Ryan Sessegnon Ryan Sessegnon Fulham • D, M (L) D, M (L)",24,Fulham,€11.8M
74.9 74.9,James Tarkowski James Tarkowski Everton • D (C) D (C),32,Everton,€11.8M
70.1 71.3,Nick Pope Nick Pope Newcastle Utd. • GK GK,33,Newcastle Utd.,€11.7M
72.4 72.4,"Casemiro Casemiro Man Utd • DM, M (C) DM, M (C)",33,Man Utd,€11.6M
68.2 68.4,"Harry Winks Harry Winks Leicester • DM, M (C) DM, M (C)",29,Leicester,€11.4M
58.3 66.2,Eiran Joe Cashin Eiran Joe Cashin Brighton • D (CL) D (CL),23,Brighton,€11.3M
66.9 66.9,"James Ward-Prowse James Ward-Prowse West Ham United • M, DM (C) M, DM (C)",30,West Ham United,€11.2M
68.6 71.2,Santiago Bueno Santiago Bueno Wolverhampton • D (CR) D (CR),26,Wolverhampton,€11.2M
72.5 72.5,Will Hughes Will Hughes C. Palace • M (C) M (C),30,C. Palace,€11.1M
68.3 68.3,"Wataru Endo Wataru Endo Liverpool • DM, M (C) DM, M (C)",32,Liverpool,€11.1M
68.5 69.2,Álex Moreno Álex Moreno Nottingham • D (L) D (L),31,Nottingham,€11M
70.9 70.9,Fabian Schär Fabian Schär Newcastle Utd. • D (C) D (C),33,Newcastle Utd.,€11M
66.9 66.9,Harry Souttar Harry Souttar Leicester • D (C) D (C),26,Leicester,€10.8M
54.0 62.4,Toby Collyer Toby Collyer Man Utd • DM (C) DM (C),21,Man Utd,€10.7M
64.4 66.8,Ben Godfrey Ben Godfrey Ipswich Town • D (CRL) D (CRL),27,Ipswich Town,€10.5M
60.5 68.3,Andrés García Andrés García Aston Villa • D (R) D (R),22,Aston Villa,€10.4M
58.5 67.1,William Osula William Osula Newcastle Utd. • F (C) F (C),21,Newcastle Utd.,€10.3M
75.8 76.0,"Timo Werner Timo Werner Tottenham • F, M, AM (L) F, M, AM (L)",29,Tottenham,€10.3M
68.1 71.1,Arijanet Murić Arijanet Murić Ipswich Town • GK GK,26,Ipswich Town,€10.1M
62.0 63.0,"Chiedozie Ogbene Chiedozie Ogbene Ipswich Town • F, M (R), AM (C) F, M (R), AM (C)",28,Ipswich Town,€9.8M
63.5 64.7,"Conor Chaplin Conor Chaplin Ipswich Town • M, AM (C) M, AM (C)",28,Ipswich Town,€9.8M
68.5 84.7,"Jack Hinshelwood Jack Hinshelwood Brighton • D (R), DM (C) D (R), DM (C)",20,Brighton,€9.2M
64.6 68.0,"Flynn Downes Flynn Downes Southampton • DM, M (C) DM, M (C)",26,Southampton,€9.2M
77.0 77.0,Dan Burn Dan Burn Newcastle Utd. • D (CL) D (CL),33,Newcastle Utd.,€9.1M
51.4 64.9,Juan Larios Juan Larios Southampton • D (L) D (L),21,Southampton,€9.1M
72.7 73.4,Matz Sels Matz Sels Nottingham • GK GK,33,Nottingham,€9.1M
50.3 59.7,Vítězslav Jaroš Vítězslav Jaroš Liverpool • GK GK,23,Liverpool,€8.9M
60.9 70.7,"Oliver Scarles Oliver Scarles West Ham United • D, M (L) D, M (L)",19,West Ham United,€8.7M
69.9 69.9,José Sá José Sá Wolverhampton • GK GK,32,Wolverhampton,€8.5M
55.5 71.1,"Yunus Konak Yunus Konak Brentford • DM, M (C) DM, M (C)",19,Brentford,€8.4M
72.4 72.4,"Nélson Semedo Nélson Semedo Wolverhampton • D, M (R) D, M (R)",31,Wolverhampton,€8.4M
63.2 66.8,"Will Smallbone Will Smallbone Southampton • M, AM (C) M, AM (C)",25,Southampton,€8.4M
66.7 71.6,Rodrigo Muniz Rodrigo Muniz Fulham • F (C) F (C),24,Fulham,€8.2M
68.7 68.7,"Adama Traoré Adama Traoré Fulham • F, M (R) F, M (R)",29,Fulham,€8M
59.8 67.9,"Tyler Morton Tyler Morton Liverpool • DM, M (C) DM, M (C)",22,Liverpool,€7.9M
66.0 66.0,Matt Targett Matt Targett Newcastle Utd. • D (L) D (L),29,Newcastle Utd.,€7.9M
60.6 61.6,Sam Johnstone Sam Johnstone Wolverhampton • GK GK,32,Wolverhampton,€7.9M
64.3 67.0,Jorge Cuenca Jorge Cuenca Fulham • D (CL) D (CL),25,Fulham,€7.8M
63.6 69.2,Luke Thomas Luke Thomas Leicester • D (L) D (L),23,Leicester,€7.8M
73.1 73.1,Chris Wood Chris Wood Nottingham • F (C) F (C),33,Nottingham,€7.8M
62.4 63.6,George Hirst George Hirst Ipswich Town • F (C) F (C),26,Ipswich Town,€7.7M
70.5 70.5,Ethan Pinnock Ethan Pinnock Brentford • D (C) D (C),31,Brentford,€7.6M
58.8 67.6,Daniel Jebbison Daniel Jebbison B'mouth • F (C) F (C),21,B'mouth,€7.5M
72.9 72.9,Kieran Tierney Kieran Tierney Arsenal • D (L) D (L),27,Arsenal,€7.4M
69.6 71.0,Lewis Dunk Lewis Dunk Brighton • D (C) D (C),33,Brighton,€7.4M
68.4 68.4,Ross Barkley Ross Barkley Aston Villa • M (C) M (C),31,Aston Villa,€7.3M
62.4 62.4,"Solly March Solly March Brighton • M, AM (R) M, AM (R)",30,Brighton,€7.3M
63.5 63.5,Callum Wilson Callum Wilson Newcastle Utd. • F (C) F (C),33,Newcastle Utd.,€7.3M
54.1 54.1,Matt Turner Matt Turner C. Palace • GK GK,30,C. Palace,€7M
56.1 67.0,Justin Devenny Justin Devenny C. Palace • M (C) M (C),21,C. Palace,€6.9M
63.3 64.1,Joe Aribo Joe Aribo Southampton • M (C) M (C),28,Southampton,€6.9M
69.0 69.0,"Harrison Reed Harrison Reed Fulham • M, DM (C) M, DM (C)",30,Fulham,€6.7M
50.3 71.0,Ayden Heaven Ayden Heaven Man Utd • D (CL) D (CL),19,Man Utd,€6.7M
52.9 55.1,Andy Irving Andy Irving West Ham United • M (C) M (C),24,West Ham United,€6.5M
46.4 70.3,Joachim Kayi Sanda Joachim Kayi Sanda Southampton • D (CR) D (CR),18,Southampton,€6.3M
66.1 66.8,Saša Kalajdžić Saša Kalajdžić Wolverhampton • F (C) F (C),27,Wolverhampton,€6.3M
63.3 63.3,Nathan Broadhead Nathan Broadhead Ipswich Town • M (L) M (L),27,Ipswich Town,€6.1M
57.2 65.0,Nathan Wood Nathan Wood Southampton • D (CL) D (CL),22,Southampton,€6.1M
54.6 66.3,Lamare Bogarde Lamare Bogarde Aston Villa • M (C) M (C),21,Aston Villa,€6M
72.1 72.1,Danny Welbeck Danny Welbeck Brighton • F (C) F (C),34,Brighton,€6M
69.1 69.1,"Abdoulaye Doucouré Abdoulaye Doucouré Everton • M, AM (C) M, AM (C)",32,Everton,€5.8M
61.7 61.7,Stefan Ortega Stefan Ortega Man City • GK GK,32,Man City,€5.8M
69.5 69.5,Tyrone Mings Tyrone Mings Aston Villa • D (C) D (C),32,Aston Villa,€5.8M
74.8 74.8,Joël Veltman Joël Veltman Brighton • D (CR) D (CR),33,Brighton,€5.7M
66.4 66.4,Ben Davies Ben Davies Tottenham • D (CL) D (CL),32,Tottenham,€5.6M
68.2 68.6,"Sergio Reguilón Sergio Reguilón Tottenham • D, M (L) D, M (L)",28,Tottenham,€5.6M
66.9 70.3,Joshua Dasilva Joshua Dasilva Brentford • M (C) M (C),26,Brentford,€5.4M
74.9 74.9,"Jorginho Jorginho Arsenal • DM, M (C) DM, M (C)",33,Arsenal,€5.3M
69.5 69.5,Kieran Trippier Kieran Trippier Newcastle Utd. • D (R) D (R),34,Newcastle Utd.,€5.1M
68.8 68.8,Raúl Jiménez Raúl Jiménez Fulham • F (C) F (C),34,Fulham,€5.1M
71.6 71.6,"Idrissa Gueye Idrissa Gueye Everton • DM, M (C) DM, M (C)",35,Everton,€5M
51.7 63.9,Dane Scarlett Dane Scarlett Tottenham • F (C) F (C),21,Tottenham,€4.9M
67.3 67.3,"Pablo Sarabia Pablo Sarabia Wolverhampton • F (R), AM (C) F (R), AM (C)",32,Wolverhampton,€4.9M
66.7 66.7,Vladimír Coufal Vladimír Coufal West Ham United • D (R) D (R),32,West Ham United,€4.8M
59.6 59.6,Danny Ings Danny Ings West Ham United • F (C) F (C),32,West Ham United,€4.6M
65.4 66.4,Odysseas Vlachodimos Odysseas Vlachodimos Newcastle Utd. • GK GK,31,Newcastle Utd.,€4.6M
45.1 67.2,Matai Akinmboni Matai Akinmboni B'mouth • D (C) D (C),18,B'mouth,€4.6M
49.6 50.2,Carlos Miguel Carlos Miguel Nottingham • GK GK,26,Nottingham,€4.4M
59.6 64.7,Carl Rushworth Carl Rushworth Brighton • GK GK,23,Brighton,€4.4M
48.7 68.3,Joshua King Joshua King Fulham • M (C) M (C),18,Fulham,€4.4M
45.7 67.7,"Eric da Silva Moreira Eric da Silva Moreira Nottingham • M, AM (R) M, AM (R)",19,Nottingham,€4.3M
62.4 63.0,Axel Tuanzebe Axel Tuanzebe Ipswich Town • D (CR) D (CR),27,Ipswich Town,€4.2M
66.9 66.9,"Christian Eriksen Christian Eriksen Man Utd • M, DM (C) M, DM (C)",33,Man Utd,€4.2M
68.1 68.1,Matt Doherty Matt Doherty Wolverhampton • D (R) D (R),33,Wolverhampton,€4.2M
65.5 66.4,Jordan Ayew Jordan Ayew Leicester • F (CR) F (CR),33,Leicester,€4.2M
60.8 60.8,Ricardo Pereira Ricardo Pereira Leicester • D (R) D (R),31,Leicester,€4.1M
61.1 67.3,Welington Welington Southampton • D (L) D (L),24,Southampton,€4M
62.2 62.4,"Ryan Manning Ryan Manning Southampton • D, M (L) D, M (L)",28,Southampton,€3.9M
57.2 58.9,"Jack Taylor Jack Taylor Ipswich Town • DM, M (C) DM, M (C)",26,Ipswich Town,€3.8M
49.9 49.9,Ross Stewart Ross Stewart Southampton • F (C) F (C),28,Southampton,€2.8M
64.0 64.0,"Bobby Reid Bobby Reid Leicester • F (R), M (RL) F (R), M (RL)",32,Leicester,€2.7M
65.0 66.3,Jamaal Lascelles Jamaal Lascelles Newcastle Utd. • D (C) D (C),31,Newcastle Utd.,€2.7M
63.0 67.9,Hákon Rafn Valdimarsson Hákon Rafn Valdimarsson Brentford • GK GK,23,Brentford,€2.4M
63.3 63.3,Carlos Vinícius Carlos Vinícius Fulham • F (C) F (C),30,Fulham,€2.4M
57.4 57.4,Michael Keane Michael Keane Everton • D (C) D (C),32,Everton,€2.3M
59.0 59.0,"Ryan Fraser Ryan Fraser Southampton • F, AM (L) F, AM (L)",31,Southampton,€2.3M
48.8 67.3,Michael Golding Michael Golding Leicester • M (C) M (C),18,Leicester,€2.3M
62.1 62.1,Harry Toffolo Harry Toffolo Nottingham • D (L) D (L),29,Nottingham,€2.2M
61.3 61.3,Conor Coady Conor Coady Leicester • D (C) D (C),32,Leicester,€2.2M
63.2 63.4,Daniel Iversen Daniel Iversen Leicester • GK GK,27,Leicester,€2.1M
54.7 61.8,James Hill James Hill B'mouth • D (CR) D (CR),23,B'mouth,€2.1M
64.4 64.4,Wes Burns Wes Burns Ipswich Town • M (R) M (R),30,Ipswich Town,€2.1M
63.6 64.4,Charlie Taylor Charlie Taylor Southampton • D (CL) D (CL),31,Southampton,€2.1M
61.7 61.7,Jannik Vestergaard Jannik Vestergaard Leicester • D (C) D (C),32,Leicester,€2M
58.8 58.8,Emil Krafth Emil Krafth Newcastle Utd. • D (CR) D (CR),30,Newcastle Utd.,€2M
59.8 60.2,Jamal Lewis Jamal Lewis Newcastle Utd. • D (L) D (L),27,Newcastle Utd.,€2M
65.0 68.3,Luke Woolfenden Luke Woolfenden Ipswich Town • D (C) D (C),26,Ipswich Town,€2M
59.9 60.8,James Bree James Bree Southampton • D (CR) D (CR),27,Southampton,€1.9M
59.6 63.6,Woyo Coulibaly Woyo Coulibaly Leicester • D (RL) D (RL),25,Leicester,€1.9M
48.3 62.0,Caleb Kporha Caleb Kporha C. Palace • D (R) D (R),18,C. Palace,€1.7M
61.7 62.8,Cameron Burgess Cameron Burgess Ipswich Town • D (C) D (C),29,Ipswich Town,€1.7M
64.4 67.5,Alex Palmer Alex Palmer Ipswich Town • GK GK,28,Ipswich Town,€1.6M
61.3 62.7,Neto Neto Arsenal • GK GK,35,Arsenal,€1.6M
62.4 63.6,Kortney Hause Kortney Hause Aston Villa • D (CL) D (CL),29,Aston Villa,€1.5M
53.7 54.2,Daniel Bentley Daniel Bentley Wolverhampton • GK GK,31,Wolverhampton,€1.5M
68.5 68.7,Adam Smith Adam Smith B'mouth • D (R) D (R),34,B'mouth,€1.5M
64.4 64.4,Craig Dawson Craig Dawson Wolverhampton • D (C) D (C),35,Wolverhampton,€1.5M
51.5 52.0,Jason Steele Jason Steele Brighton • GK GK,34,Brighton,€1.5M
55.1 61.3,"Kasey McAteer Kasey McAteer Leicester • F, M (R) F, M (R)",23,Leicester,€1.5M
61.7 61.7,"Tom Cairney Tom Cairney Fulham • M, DM (C) M, DM (C)",34,Fulham,€1.5M
52.3 62.2,"Malcolm Ebiowei Malcolm Ebiowei C. Palace • F, M (R) F, M (R)",21,C. Palace,€1.5M
56.6 56.7,Christian Walton Christian Walton Ipswich Town • GK GK,29,Ipswich Town,€1.4M
60.6 61.0,Jack Stephens Jack Stephens Southampton • D (CL) D (CL),31,Southampton,€1.4M
57.6 57.6,Willy Boly Willy Boly Nottingham • D (CR) D (CR),34,Nottingham,€1.4M
45.0 66.2,Omari Kellyman Omari Kellyman Chelsea • F (C) F (C),19,Chelsea,€1.4M
72.5 72.5,Ashley Young Ashley Young Everton • D (RL) D (RL),39,Everton,€1.3M
65.0 65.6,"Sam Morsy Sam Morsy Ipswich Town • M, DM (C) M, DM (C)",33,Ipswich Town,€1.3M
67.4 67.4,"Willian Willian Fulham • F, M, AM (L) F, M, AM (L)",36,Fulham,€1.3M
59.7 60.9,Wesley Foderingham Wesley Foderingham West Ham United • GK GK,34,West Ham United,€1.3M
62.2 62.2,Martin Dúbravka Martin Dúbravka Newcastle Utd. • GK GK,36,Newcastle Utd.,€1.3M
58.7 58.7,Conor Townsend Conor Townsend Ipswich Town • D (L) D (L),32,Ipswich Town,€1.2M
58.2 64.3,Will Dennis Will Dennis B'mouth • GK GK,24,B'mouth,€1.2M
54.7 61.6,Cieran Slicker Cieran Slicker Ipswich Town • GK GK,22,Ipswich Town,€1.2M
66.2 66.2,"James Milner James Milner Brighton • M (C), D (R) M (C), D (R)",39,Brighton,€1.2M
60.4 60.4,Jonny Evans Jonny Evans Man Utd • D (C) D (C),37,Man Utd,€1.1M
62.0 62.8,Nathaniel Clyne Nathaniel Clyne C. Palace • D (R) D (R),34,C. Palace,€1M
50.4 51.8,Steven Benda Steven Benda Fulham • GK GK,26,Fulham,€1M
49.1 60.8,Kim Ji-Soo Kim Ji-Soo Brentford • D (C) D (C),20,Brentford,€1M
55.5 56.3,Marcus Bettinelli Marcus Bettinelli Chelsea • GK GK,32,Chelsea,€1M
67.3 69.5,Jamie Vardy Jamie Vardy Leicester • F (C) F (C),38,Leicester,€1M
70.2 70.2,Michail Antonio Michail Antonio West Ham United • F (C) F (C),35,West Ham United,€1.0M
46.0 46.0,Robin Olsen Robin Olsen Aston Villa • GK GK,35,Aston Villa,€0.9M
62.6 62.6,Ben Mee Ben Mee Brentford • D (CL) D (CL),35,Brentford,€0.9M
50.1 50.1,Danny Ward Danny Ward Leicester • GK GK,31,Leicester,€0.9M
59.0 71.0,"Kaden Rodney Kaden Rodney C. Palace • DM, M (C) DM, M (C)",20,C. Palace,€0.9M
58.4 58.4,"Adam Lallana Adam Lallana Southampton • AM, M (C) AM, M (C)",36,Southampton,€0.9M
64.4 64.4,Łukasz Fabiański Łukasz Fabiański West Ham United • GK GK,40,West Ham United,€0.9M
61.2 61.2,Asmir Begović Asmir Begović Everton • GK GK,37,Everton,€0.8M
62.6 62.6,Aaron Cresswell Aaron Cresswell West Ham United • D (L) D (L),35,West Ham United,€0.8M
52.2 56.8,Edmond-Paris Maghoma Edmond-Paris Maghoma Brentford • M (C) M (C),24,Brentford,€0.8M
44.4 45.2,Brandon Austin Brandon Austin Tottenham • GK GK,26,Tottenham,€0.8M
58.4 58.4,Joe Lumley Joe Lumley Southampton • GK GK,30,Southampton,€0.7M
60.5 60.5,John Ruddy John Ruddy Newcastle Utd. • GK GK,38,Newcastle Utd.,€0.7M
59.8 59.8,Séamus Coleman Séamus Coleman Everton • D (R) D (R),36,Everton,€0.7M
43.8 63.6,Harry Amass Harry Amass Man Utd • D (L) D (L),18,Man Utd,€0.7M
52.8 54.8,Jakub Stolarczyk Jakub Stolarczyk Leicester • GK GK,24,Leicester,€0.7M
52.4 52.4,Fraser Forster Fraser Forster Tottenham • GK GK,37,Tottenham,€0.7M
58.1 58.1,Joel Ward Joel Ward C. Palace • D (R) D (R),35,C. Palace,€0.7M
54.1 68.8,Harvey Davies Harvey Davies Liverpool • GK GK,21,Liverpool,€0.6M
52.2 52.2,Alex McCarthy Alex McCarthy Southampton • GK GK,35,Southampton,€0.6M
51.1 51.1,Tom King Tom King Wolverhampton • GK GK,30,Wolverhampton,€0.6M
52.4 60.6,Lucas Bergström Lucas Bergström Chelsea • GK GK,22,Chelsea,€0.6M
51.7 54.4,João Virgínia João Virgínia Everton • GK GK,25,Everton,€0.6M
49.8 53.1,Tom McGill Tom McGill Brighton • GK GK,25,Brighton,€0.5M
56.7 56.7,"Massimo Luongo Massimo Luongo Ipswich Town • M, DM (C) M, DM (C)",32,Ipswich Town,€0.5M
49.1 53.1,Alfie Whiteman Alfie Whiteman Tottenham • GK GK,26,Tottenham,€0.5M
47.7 47.8,Remi Matthews Remi Matthews C. Palace • GK GK,31,C. Palace,€0.4M
43.7 44.7,Mark Gillespie Mark Gillespie Newcastle Utd. • GK GK,33,Newcastle Utd.,€0.4M
45.4 45.4,Wayne Hennessey Wayne Hennessey Nottingham • GK GK,38,Nottingham,€0.4M
44.5 44.9,Scott Carson Scott Carson Man City • GK GK,39,Man City,€0.4M
46.8 46.8,Tom Heaton Tom Heaton Man Utd • GK GK,39,Man Utd,€0.4M
43.6 60.6,Ranel Young Ranel Young Liverpool • F (C) F (C),19,Liverpool,€0.2M
32.6 32.6,Rento Takaoka Rento Takaoka Southampton • F (C) F (C),18,Southampton,€0.2M
47.0 57.5,Richard Olise Richard Olise Chelsea • D (R) D (R),20,Chelsea,€90K
